year,industry,employee,regular_pay,irregular_pay,avg_working_hour
87,服務業部門,2868244,33896,8274,184.2
87,製造業,2389582,28929,7502,198.0
87,批發及零售業,1293578,31341,6355,182.9
87,運輸及倉儲業,276732,35656,8418,192.9
87,住宿及餐飲業,162332,20868,3171,184.5
87,資訊及通訊傳播業,137701,44877,16544,180.9
87,金融及保險業,343637,42171,17375,175.5
87,不動產業,95262,34905,6814,185.3
87,專業、科學及技術服務業,169733,39110,8788,178.4
87,支援服務業,102295,30341,4473,188.4
87,醫療保健服務業,162753,40839,8081,187.1
87,藝術、娛樂及休閒服務業,37546,23054,3202,202.8
87,其他服務業,86675,25107,4423,207.2
87,食品製造業,94745,28542,6239,195.3
87,飲料及菸草製造業,16924,36861,11631,187.8
87,紡織業,160024,26625,6046,210.5
87,成衣及服飾品製造業,88091,21197,3316,199.0
87,皮革、毛皮及其製品製造業,50027,23953,4982,200.3
87,木竹製品製造業,27209,22965,3915,191.9
87,紙漿、紙及紙製品製造業,59474,28668,6415,204.5
87,印刷及資料儲存媒體複製業,55545,30895,9600,205.6
87,石油及煤製品製造業,14937,56716,23433,192.0
87,化學材料製造業,62592,36813,15926,202.5
87,化學製品製造業,44608,30750,10754,191.4
87,藥品及醫用化學製品製造業,18300,29261,7068,186.3
87,橡膠製品製造業,34555,25746,6177,205.0
87,塑膠製品製造業,161453,28500,6735,200.9
87,非金屬礦物製品製造業,88393,27929,6735,203.7
87,基本金屬製造業,91092,33643,8273,203.5
87,金屬製品製造業,272835,27729,6793,201.6
87,電子零組件製造業,287883,29511,7924,193.7
87,電腦、電子產品及光學製品製造業,165877,30765,7459,190.9
87,電力設備製造業,141424,27942,7548,191.0
87,機械設備製造業,158972,28723,7462,198.6
87,汽車及其零件製造業,75497,33084,12916,192.9
87,其他運輸工具及其零件製造業,64249,33021,8498,191.6
87,家具製造業,43452,24613,4877,196.3
87,其他製造業,82948,25612,5415,191.3
87,產業用機械設備維修及安裝業,28476,29881,6821,194.7
88,服務業部門,2906905,35086,8208,183.8
88,製造業,2405286,29935,7803,199.0
88,批發及零售業,1320852,32487,6208,182.9
88,運輸及倉儲業,275444,36671,8401,190.8
88,住宿及餐飲業,161955,21588,3529,188.9
88,資訊及通訊傳播業,143048,45861,15399,177.0
88,金融及保險業,352210,43140,17192,174.6
88,不動產業,87044,36428,8001,180.7
88,專業、科學及技術服務業,167258,40721,8853,181.3
88,支援服務業,108182,30847,4072,186.9
88,醫療保健服務業,172865,42747,8273,185.1
88,藝術、娛樂及休閒服務業,34871,24182,2342,202.0
88,其他服務業,83176,26164,4661,208.1
88,食品製造業,93027,29793,7137,196.4
88,飲料及菸草製造業,16866,37430,12018,189.0
88,紡織業,159960,27016,5859,211.0
88,成衣及服飾品製造業,81931,21546,3669,197.7
88,皮革、毛皮及其製品製造業,48595,24596,6208,206.0
88,木竹製品製造業,26450,23999,3472,194.9
88,紙漿、紙及紙製品製造業,58848,29462,6556,205.7
88,印刷及資料儲存媒體複製業,59062,32157,9396,207.4
88,石油及煤製品製造業,14187,57397,32370,188.1
88,化學材料製造業,70487,37699,16221,200.6
88,化學製品製造業,47090,32126,10278,191.2
88,藥品及醫用化學製品製造業,19555,31152,7571,185.5
88,橡膠製品製造業,34259,27089,6117,206.4
88,塑膠製品製造業,161588,29325,7373,199.9
88,非金屬礦物製品製造業,85429,28150,6661,205.3
88,基本金屬製造業,87513,34730,9681,201.1
88,金屬製品製造業,273774,28473,6383,203.5
88,電子零組件製造業,306787,30525,8781,196.2
88,電腦、電子產品及光學製品製造業,171435,32888,7743,192.5
88,電力設備製造業,140335,28774,7987,194.0
88,機械設備製造業,159653,29820,6675,198.4
88,汽車及其零件製造業,71763,34935,12776,193.7
88,其他運輸工具及其零件製造業,64786,33316,8646,192.4
88,家具製造業,42344,24984,5117,199.0
88,其他製造業,81182,26529,5610,193.7
88,產業用機械設備維修及安裝業,28380,30753,6082,193.8
89,服務業部門,2975341,35986,8224,183.5
89,製造業,2458527,30892,8022,198.7
89,批發及零售業,1372043,33309,6232,182.9
89,運輸及倉儲業,276922,37461,8488,189.6
89,住宿及餐飲業,160880,22447,3613,188.2
89,資訊及通訊傳播業,153910,47787,14972,176.3
89,金融及保險業,363656,43754,17118,173.9
89,不動產業,74008,36376,7340,178.3
89,專業、科學及技術服務業,163637,41612,8232,182.8
89,支援服務業,115825,31357,3920,192.1
89,醫療保健服務業,180991,44016,9381,182.5
89,藝術、娛樂及休閒服務業,32801,25312,2280,199.1
89,其他服務業,80668,27113,4222,208.1
89,食品製造業,91199,30665,7089,198.9
89,飲料及菸草製造業,17090,37817,14260,190.5
89,紡織業,159476,27321,5657,207.1
89,成衣及服飾品製造業,76877,22078,3554,197.7
89,皮革、毛皮及其製品製造業,47323,25545,5980,209.4
89,木竹製品製造業,25307,24464,3660,197.8
89,紙漿、紙及紙製品製造業,57628,29742,7735,203.2
89,印刷及資料儲存媒體複製業,59769,32780,9314,205.1
89,石油及煤製品製造業,13462,58626,26009,186.6
89,化學材料製造業,71048,38508,17102,199.6
89,化學製品製造業,48086,33191,9861,190.1
89,藥品及醫用化學製品製造業,20190,32136,6571,185.3
89,橡膠製品製造業,34084,27861,6214,207.1
89,塑膠製品製造業,160869,29958,7526,203.0
89,非金屬礦物製品製造業,85057,28547,7181,205.6
89,基本金屬製造業,87941,36007,10659,204.0
89,金屬製品製造業,271804,29127,6809,203.8
89,電子零組件製造業,356128,32060,9269,195.6
89,電腦、電子產品及光學製品製造業,185483,34593,7992,191.5
89,電力設備製造業,144525,29579,7658,193.1
89,機械設備製造業,162000,30732,7416,198.2
89,汽車及其零件製造業,68730,35651,11488,194.3
89,其他運輸工具及其零件製造業,64734,34178,8536,193.8
89,家具製造業,40823,25700,5332,194.0
89,其他製造業,80617,27354,5568,190.7
89,產業用機械設備維修及安裝業,28277,31606,6584,193.8
90,服務業部門,2905837,36764,8054,177.0
90,製造業,2348449,31307,7105,184.4
90,批發及零售業,1350327,33627,6148,178.2
90,運輸及倉儲業,272065,38092,9925,181.6
90,住宿及餐飲業,148555,22978,2995,175.6
90,資訊及通訊傳播業,156318,48682,13418,166.2
90,金融及保險業,359652,46212,16445,166.2
90,不動產業,61679,36362,5915,172.4
90,專業、科學及技術服務業,155053,41636,7591,175.8
90,支援服務業,114208,31488,4091,187.0
90,醫療保健服務業,182598,45373,9111,178.0
90,藝術、娛樂及休閒服務業,29017,26196,2142,191.6
90,其他服務業,76365,27194,2733,199.9
90,食品製造業,88283,31445,6535,185.7
90,飲料及菸草製造業,16670,37035,14225,176.1
90,紡織業,146697,27703,4973,194.0
90,成衣及服飾品製造業,69304,22134,3079,185.6
90,皮革、毛皮及其製品製造業,41659,26266,4503,194.6
90,木竹製品製造業,23844,24929,3324,185.4
90,紙漿、紙及紙製品製造業,54860,28777,8122,187.9
90,印刷及資料儲存媒體複製業,58903,33290,8399,191.4
90,石油及煤製品製造業,12469,59401,22999,177.7
90,化學材料製造業,68649,39770,16056,183.1
90,化學製品製造業,46655,34429,10705,179.6
90,藥品及醫用化學製品製造業,20028,32963,7029,174.8
90,橡膠製品製造業,33054,27471,5537,193.4
90,塑膠製品製造業,151321,30523,6728,190.8
90,非金屬礦物製品製造業,78558,29193,5963,190.4
90,基本金屬製造業,83376,35984,11668,189.5
90,金屬製品製造業,258208,28841,6285,189.2
90,電子零組件製造業,359544,32751,7115,178.3
90,電腦、電子產品及光學製品製造業,182829,35500,6554,179.1
90,電力設備製造業,132600,30022,6479,181.7
90,機械設備製造業,158475,30107,6951,184.1
90,汽車及其零件製造業,64119,35678,8613,178.5
90,其他運輸工具及其零件製造業,60259,34651,7664,174.9
90,家具製造業,35453,25601,4406,178.6
90,其他製造業,75605,28417,5002,176.4
90,產業用機械設備維修及安裝業,27027,31351,6011,182.0
91,服務業部門,2888364,37138,6967,177.2
91,製造業,2318803,31537,6898,187.5
91,批發及零售業,1356986,33961,5191,177.4
91,運輸及倉儲業,264397,38220,8289,180.9
91,住宿及餐飲業,149911,23237,2450,175.7
91,資訊及通訊傳播業,150966,48649,10590,169.5
91,金融及保險業,343749,49546,16157,168.6
91,不動產業,56363,35244,5652,174.2
91,專業、科學及技術服務業,151891,40705,4967,175.3
91,支援服務業,120358,30920,3685,187.2
91,醫療保健服務業,188293,45173,8668,179.2
91,藝術、娛樂及休閒服務業,29922,26193,1695,191.5
91,其他服務業,75528,26998,2238,199.9
91,食品製造業,89148,31151,6312,185.5
91,飲料及菸草製造業,15602,37360,14306,177.9
91,紡織業,139370,27891,4500,196.1
91,成衣及服飾品製造業,63921,23447,3287,184.6
91,皮革、毛皮及其製品製造業,38397,26961,4682,195.1
91,木竹製品製造業,21660,25473,3417,184.6
91,紙漿、紙及紙製品製造業,52748,28180,6568,191.2
91,印刷及資料儲存媒體複製業,58707,31536,6486,191.6
91,石油及煤製品製造業,11816,59395,21282,179.5
91,化學材料製造業,65757,40828,12995,182.3
91,化學製品製造業,45695,35213,9118,181.4
91,藥品及醫用化學製品製造業,20060,32824,5678,173.2
91,橡膠製品製造業,32427,28150,5967,198.7
91,塑膠製品製造業,148590,30855,6905,189.2
91,非金屬礦物製品製造業,76240,29450,6528,194.9
91,基本金屬製造業,81222,35900,9587,194.2
91,金屬製品製造業,261539,28692,6050,193.1
91,電子零組件製造業,372180,33807,7558,184.0
91,電腦、電子產品及光學製品製造業,191263,35664,6942,182.4
91,電力設備製造業,124879,29864,7044,186.1
91,機械設備製造業,155572,30002,6773,188.2
91,汽車及其零件製造業,63400,35350,9432,187.7
91,其他運輸工具及其零件製造業,54617,32831,6533,183.2
91,家具製造業,32917,25500,3272,182.3
91,其他製造業,75046,28818,5167,180.4
91,產業用機械設備維修及安裝業,26030,30887,5817,185.1
92,服務業部門,2976979,36892,7261,176.6
92,製造業,2372733,31942,7607,188.2
92,批發及零售業,1373831,34029,5581,176.0
92,運輸及倉儲業,259720,37982,7952,179.2
92,住宿及餐飲業,161598,22958,1993,177.0
92,資訊及通訊傳播業,156404,48176,12116,168.7
92,金融及保險業,349188,48583,16062,168.7
92,不動產業,58520,35053,5378,178.1
92,專業、科學及技術服務業,157317,40982,6447,176.5
92,支援服務業,142752,29855,3016,189.2
92,醫療保健服務業,201367,45405,10297,177.0
92,藝術、娛樂及休閒服務業,34265,25935,1731,188.6
92,其他服務業,82017,26924,2023,197.3
92,食品製造業,89918,30963,5822,186.3
92,飲料及菸草製造業,15389,38313,12921,179.8
92,紡織業,134210,28221,4718,198.1
92,成衣及服飾品製造業,61664,23607,3198,182.8
92,皮革、毛皮及其製品製造業,37365,27519,5195,190.8
92,木竹製品製造業,21336,26464,3684,189.2
92,紙漿、紙及紙製品製造業,52908,28288,5928,191.8
92,印刷及資料儲存媒體複製業,59408,30327,5371,190.1
92,石油及煤製品製造業,11644,59062,23574,182.7
92,化學材料製造業,63620,41862,15678,181.1
92,化學製品製造業,45732,35709,7771,180.6
92,藥品及醫用化學製品製造業,19943,33264,5777,174.8
92,橡膠製品製造業,33078,28124,5853,197.8
92,塑膠製品製造業,148369,30886,7408,188.5
92,非金屬礦物製品製造業,74678,29912,7463,196.1
92,基本金屬製造業,83261,35846,13152,193.9
92,金屬製品製造業,276641,29121,7369,194.3
92,電子零組件製造業,399464,34703,8294,185.5
92,電腦、電子產品及光學製品製造業,199484,36009,7626,182.7
92,電力設備製造業,123835,30175,6968,186.3
92,機械設備製造業,161396,30050,7603,189.5
92,汽車及其零件製造業,68209,36147,11384,189.9
92,其他運輸工具及其零件製造業,56433,32742,7996,186.3
92,家具製造業,31540,25864,3411,181.3
92,其他製造業,76653,29475,5633,180.1
92,產業用機械設備維修及安裝業,26555,31173,6501,186.1
93,服務業部門,3124988,36975,7412,178.7
93,製造業,2461369,32470,8187,190.6
93,批發及零售業,1409035,34240,5579,180.1
93,運輸及倉儲業,260850,38299,8583,182.5
93,住宿及餐飲業,189173,22980,1833,169.2
93,資訊及通訊傳播業,160789,48202,11215,169.4
93,金融及保險業,359774,49040,17631,169.1
93,不動產業,63853,34977,4804,185.4
93,專業、科學及技術服務業,168149,41477,7834,178.3
93,支援服務業,168261,29625,3082,190.5
93,醫療保健服務業,217713,45753,9588,176.3
93,藝術、娛樂及休閒服務業,40515,27006,2656,185.2
93,其他服務業,86876,26733,2688,199.9
93,食品製造業,87897,30516,6262,191.4
93,飲料及菸草製造業,15405,38403,11976,179.2
93,紡織業,132287,28771,4914,200.4
93,成衣及服飾品製造業,58678,24997,2981,185.0
93,皮革、毛皮及其製品製造業,37162,27992,5137,198.0
93,木竹製品製造業,21388,26363,4386,195.3
93,紙漿、紙及紙製品製造業,52446,28861,7014,194.7
93,印刷及資料儲存媒體複製業,59450,30239,6594,195.3
93,石油及煤製品製造業,12217,59615,19092,182.3
93,化學材料製造業,62547,43130,14126,184.5
93,化學製品製造業,46301,36534,9999,179.3
93,藥品及醫用化學製品製造業,19882,33678,7603,180.6
93,橡膠製品製造業,34117,28261,7213,199.7
93,塑膠製品製造業,151121,30605,5956,189.9
93,非金屬礦物製品製造業,73057,30806,8517,196.9
93,基本金屬製造業,85632,36109,19621,196.0
93,金屬製品製造業,292007,29659,6354,196.2
93,電子零組件製造業,452273,35289,9474,187.2
93,電腦、電子產品及光學製品製造業,206131,36133,7628,184.2
93,電力設備製造業,122411,30730,6945,188.5
93,機械設備製造業,170771,30558,8217,193.3
93,汽車及其零件製造業,72939,37048,14335,190.8
93,其他運輸工具及其零件製造業,59005,32980,8277,194.6
93,家具製造業,30476,26071,3716,184.3
93,其他製造業,77971,30366,7183,183.2
93,產業用機械設備維修及安裝業,27798,31641,6984,190.0
94,服務業部門,3267894,36963,7318,177.4
94,製造業,2479476,33022,8836,188.8
94,批發及零售業,1455376,33983,5562,177.6
94,運輸及倉儲業,259753,38915,9598,180.8
94,住宿及餐飲業,212767,23267,1854,174.0
94,資訊及通訊傳播業,165339,48469,12912,168.5
94,金融及保險業,369109,49456,15657,168.0
94,不動產業,70602,34558,4261,186.1
94,專業、科學及技術服務業,177111,42148,8742,175.5
94,支援服務業,191679,29517,3298,188.9
94,醫療保健服務業,233022,46486,9117,176.0
94,藝術、娛樂及休閒服務業,44706,27828,2070,184.5
94,其他服務業,88430,26772,3612,199.5
94,食品製造業,86965,30428,6272,191.9
94,飲料及菸草製造業,14958,39816,14413,176.6
94,紡織業,124517,28953,5387,195.3
94,成衣及服飾品製造業,54270,26019,4197,179.5
94,皮革、毛皮及其製品製造業,35325,29202,4534,195.2
94,木竹製品製造業,21146,26703,4508,190.5
94,紙漿、紙及紙製品製造業,51152,28798,6522,193.9
94,印刷及資料儲存媒體複製業,59196,30754,6961,195.5
94,石油及煤製品製造業,12735,61042,29383,180.0
94,化學材料製造業,60536,44087,18530,181.8
94,化學製品製造業,45646,36550,11888,178.2
94,藥品及醫用化學製品製造業,19947,32808,8521,180.5
94,橡膠製品製造業,33597,29356,6748,196.5
94,塑膠製品製造業,147053,30458,5394,187.2
94,非金屬礦物製品製造業,71491,31093,8289,195.2
94,基本金屬製造業,89138,36399,20361,195.0
94,金屬製品製造業,297709,29261,6403,193.9
94,電子零組件製造業,479659,36614,10557,186.8
94,電腦、電子產品及光學製品製造業,205940,37362,9039,184.7
94,電力設備製造業,120001,30806,7279,185.3
94,機械設備製造業,177733,31046,8667,190.2
94,汽車及其零件製造業,76438,37066,13810,188.6
94,其他運輸工具及其零件製造業,60774,33346,8605,189.9
94,家具製造業,29199,26314,3032,180.6
94,其他製造業,75803,30257,6450,181.8
94,產業用機械設備維修及安裝業,28548,32306,7393,187.0
95,服務業部門,3394504,37047,7303,176.6
95,製造業,2510435,33620,8773,187.3
95,批發及零售業,1486835,33842,5538,175.3
95,運輸及倉儲業,260834,39185,9153,179.9
95,住宿及餐飲業,238302,23209,1751,173.6
95,資訊及通訊傳播業,167593,48740,12394,167.5
95,金融及保險業,366666,52022,17032,168.6
95,不動產業,76624,33324,4989,182.6
95,專業、科學及技術服務業,183787,42600,9140,174.9
95,支援服務業,226532,29582,3040,191.9
95,醫療保健服務業,249091,46342,9087,175.3
95,藝術、娛樂及休閒服務業,50175,28503,2800,186.3
95,其他服務業,88065,27089,3114,201.2
95,食品製造業,86390,30809,5885,189.1
95,飲料及菸草製造業,14597,40877,13361,178.1
95,紡織業,118836,29444,6838,197.3
95,成衣及服飾品製造業,51395,27368,4656,179.9
95,皮革、毛皮及其製品製造業,33948,29666,5589,194.6
95,木竹製品製造業,19268,27460,3808,186.1
95,紙漿、紙及紙製品製造業,50764,29123,7138,193.0
95,印刷及資料儲存媒體複製業,61711,30301,6415,193.2
95,石油及煤製品製造業,12875,62430,29211,178.3
95,化學材料製造業,59834,45291,20921,183.2
95,化學製品製造業,44876,36756,9958,179.4
95,藥品及醫用化學製品製造業,20097,32846,7839,179.4
95,橡膠製品製造業,33468,30412,6202,195.1
95,塑膠製品製造業,143984,30545,5288,186.1
95,非金屬礦物製品製造業,70399,31235,7407,193.0
95,基本金屬製造業,93580,37284,19746,194.6
95,金屬製品製造業,300269,29301,6310,192.8
95,電子零組件製造業,511466,37662,10047,186.1
95,電腦、電子產品及光學製品製造業,210862,38379,9390,180.4
95,電力設備製造業,117040,30735,7025,184.0
95,機械設備製造業,186059,31279,8591,190.1
95,汽車及其零件製造業,77803,36952,12996,178.5
95,其他運輸工具及其零件製造業,60074,34154,7901,185.2
95,家具製造業,28787,25705,4179,178.7
95,其他製造業,72876,30563,5731,180.4
95,產業用機械設備維修及安裝業,29177,32943,7480,187.1
96,服務業部門,3500574,37737,7592,175.8
96,製造業,2541296,34067,9111,187.4
96,批發及零售業,1493442,34337,5126,174.8
96,運輸及倉儲業,263221,39358,9722,179.4
96,住宿及餐飲業,255788,23574,1902,172.5
96,資訊及通訊傳播業,166451,49130,14601,168.2
96,金融及保險業,371166,55827,20001,167.1
96,不動產業,82613,33187,4671,178.0
96,專業、科學及技術服務業,194259,43041,10223,175.3
96,支援服務業,270641,29995,3132,188.7
96,醫療保健服務業,261265,47345,9268,175.1
96,藝術、娛樂及休閒服務業,54978,28838,2576,184.7
96,其他服務業,86750,27162,2763,201.5
96,食品製造業,88098,30706,5692,188.4
96,飲料及菸草製造業,14093,42129,13776,177.4
96,紡織業,113719,29903,6463,197.7
96,成衣及服飾品製造業,50045,27723,4333,179.0
96,皮革、毛皮及其製品製造業,33075,30105,4801,188.8
96,木竹製品製造業,18620,28054,3252,187.9
96,紙漿、紙及紙製品製造業,50384,29645,6481,191.1
96,印刷及資料儲存媒體複製業,62504,30559,5822,192.9
96,石油及煤製品製造業,12567,61739,31410,180.1
96,化學材料製造業,59075,46079,19657,184.2
96,化學製品製造業,44529,38434,11406,178.2
96,藥品及醫用化學製品製造業,20644,32906,7132,173.5
96,橡膠製品製造業,34002,30789,7229,196.4
96,塑膠製品製造業,143339,30876,5791,188.4
96,非金屬礦物製品製造業,70190,31185,7758,193.2
96,基本金屬製造業,96716,37512,22703,193.5
96,金屬製品製造業,307236,29274,6370,190.8
96,電子零組件製造業,528227,38361,10995,185.6
96,電腦、電子產品及光學製品製造業,214369,39793,9717,179.5
96,電力設備製造業,114744,31083,7705,183.6
96,機械設備製造業,196825,31298,8531,192.6
96,汽車及其零件製造業,76928,36225,10469,184.6
96,其他運輸工具及其零件製造業,61019,34751,9072,189.8
96,家具製造業,27466,25838,4179,179.5
96,其他製造業,71521,30832,6156,179.3
96,產業用機械設備維修及安裝業,31361,33545,7791,190.3
97,服務業部門,3587099,37750,7576,176.4
97,製造業,2557171,34125,8996,184.7
97,批發及零售業,1502408,34735,5221,175.9
97,運輸及倉儲業,260849,39971,9569,179.1
97,住宿及餐飲業,274912,24338,2361,172.3
97,資訊及通訊傳播業,171071,49416,14361,169.4
97,金融及保險業,374256,52240,19288,167.5
97,不動產業,85939,34849,5475,180.3
97,專業、科學及技術服務業,203679,44523,10019,176.2
97,支援服務業,300295,29844,3133,188.2
97,醫療保健服務業,272931,48019,10115,174.4
97,藝術、娛樂及休閒服務業,55417,29601,2329,181.4
97,其他服務業,85342,27303,2011,199.9
97,食品製造業,88573,30977,6269,187.5
97,飲料及菸草製造業,14109,42909,16366,178.5
97,紡織業,108777,29855,5628,192.0
97,成衣及服飾品製造業,49023,27908,4174,178.9
97,皮革、毛皮及其製品製造業,30165,30303,4880,185.2
97,木竹製品製造業,18476,28016,3598,186.5
97,紙漿、紙及紙製品製造業,48148,29931,6033,186.5
97,印刷及資料儲存媒體複製業,63139,30154,5350,193.1
97,石油及煤製品製造業,11916,61935,30001,181.3
97,化學材料製造業,58502,46540,20719,185.1
97,化學製品製造業,45838,39865,11191,176.8
97,藥品及醫用化學製品製造業,20956,33014,7768,173.7
97,橡膠製品製造業,33964,30148,6164,189.3
97,塑膠製品製造業,139314,30523,5751,187.6
97,非金屬礦物製品製造業,68342,30844,7658,189.0
97,基本金屬製造業,98811,37828,20654,189.6
97,金屬製品製造業,309043,29008,6227,189.2
97,電子零組件製造業,549550,38313,11603,181.9
97,電腦、電子產品及光學製品製造業,211755,40464,9230,176.5
97,電力設備製造業,116847,30844,6763,181.7
97,機械設備製造業,202495,31094,8516,188.3
97,汽車及其零件製造業,74749,35337,9054,178.2
97,其他運輸工具及其零件製造業,62849,35549,8842,190.9
97,家具製造業,25391,26284,3276,178.4
97,其他製造業,72087,30898,5442,179.7
97,產業用機械設備維修及安裝業,34352,33791,7609,187.4
98,服務業部門,3592850,37306,6617,175.3
98,製造業,2394806,32480,6645,179.1
98,批發及零售業,1447493,34575,5506,175.9
98,運輸及倉儲業,253483,39467,8368,180.4
98,住宿及餐飲業,282876,24521,2585,169.6
98,資訊及通訊傳播業,170999,49213,12675,169.0
98,金融及保險業,359448,52555,15169,168.1
98,不動產業,84120,35077,3603,181.8
98,專業、科學及技術服務業,206750,44336,5647,173.8
98,支援服務業,295661,28882,2696,188.0
98,教育服務業,71489,21331,866,140.9
98,醫療保健服務業,283629,48380,9477,173.7
98,藝術、娛樂及休閒服務業,54437,29216,2026,184.1
98,其他服務業,82465,27272,2466,195.1
98,食品製造業,91619,30767,4623,184.0
98,飲料及菸草製造業,14310,42447,12291,178.4
98,紡織業,103061,29398,5639,188.2
98,成衣及服飾品製造業,46637,26888,3334,176.9
98,皮革、毛皮及其製品製造業,28383,29404,4565,182.9
98,木竹製品製造業,16479,25770,3279,176.6
98,紙漿、紙及紙製品製造業,47348,27892,3872,187.0
98,印刷及資料儲存媒體複製業,60488,29071,4716,189.4
98,石油及煤製品製造業,11375,62612,21374,182.9
98,化學材料製造業,57552,44882,12171,185.0
98,化學製品製造業,44561,38641,7424,173.0
98,藥品及醫用化學製品製造業,22915,32597,8403,173.0
98,橡膠製品製造業,31199,29146,4659,182.4
98,塑膠製品製造業,132616,29498,5195,185.7
98,非金屬礦物製品製造業,64917,29599,5978,183.6
98,基本金屬製造業,94536,36168,11969,182.4
98,金屬製品製造業,286875,27575,4176,177.9
98,電子零組件製造業,497165,35220,9201,180.3
98,電腦、電子產品及光學製品製造業,192822,38885,6940,172.7
98,電力設備製造業,113224,29112,5203,177.8
98,機械設備製造業,178099,29077,5274,169.6
98,汽車及其零件製造業,68401,34369,7666,177.5
98,其他運輸工具及其零件製造業,61676,35491,6253,175.9
98,家具製造業,24752,27054,2218,174.4
98,其他製造業,70131,29677,4287,174.4
98,產業用機械設備維修及安裝業,33665,33478,5888,175.2
99,服務業部門,3700806,37815,7841,176.4
99,製造業,2494374,33273,9027,189.0
99,批發及零售業,1484219,35195,6571,176.2
99,運輸及倉儲業,256732,39453,9449,181.7
99,住宿及餐飲業,300502,24936,2852,171.6
99,資訊及通訊傳播業,173928,49729,14537,170.0
99,金融及保險業,356228,54622,19620,168.8
99,不動產業,92444,35439,5579,180.5
99,專業、科學及技術服務業,217884,44824,8171,175.0
99,支援服務業,314740,28880,3438,192.7
99,教育服務業,71428,21295,1164,139.1
99,醫療保健服務業,291154,49078,8819,175.0
99,藝術、娛樂及休閒服務業,57698,29925,2762,181.1
99,其他服務業,83849,27524,3308,195.9
99,食品製造業,96018,30809,5281,188.8
99,飲料及菸草製造業,14470,42463,12912,174.4
99,紡織業,103403,29984,5376,197.2
99,成衣及服飾品製造業,45362,27276,3936,179.5
99,皮革、毛皮及其製品製造業,29246,29884,5616,187.3
99,木竹製品製造業,16620,26394,4010,187.4
99,紙漿、紙及紙製品製造業,48715,28624,6047,195.1
99,印刷及資料儲存媒體複製業,60527,29444,5871,199.4
99,石油及煤製品製造業,11661,61327,29529,190.4
99,化學材料製造業,57810,45362,20915,187.4
99,化學製品製造業,46385,39500,10721,176.5
99,藥品及醫用化學製品製造業,23579,33129,11690,175.2
99,橡膠製品製造業,32452,29825,7298,196.5
99,塑膠製品製造業,134004,29867,6110,188.1
99,非金屬礦物製品製造業,68331,29816,7267,193.0
99,基本金屬製造業,98019,38275,18888,197.2
99,金屬製品製造業,297824,28378,5636,191.9
99,電子零組件製造業,533259,36619,12548,190.3
99,電腦、電子產品及光學製品製造業,201537,39762,9284,184.2
99,電力設備製造業,121338,29436,7033,185.7
99,機械設備製造業,188452,29934,7668,190.8
99,汽車及其零件製造業,72788,34121,9164,186.4
99,其他運輸工具及其零件製造業,60984,35855,8289,185.9
99,家具製造業,24901,27097,2788,180.7
99,其他製造業,71728,30363,5623,178.6
99,產業用機械設備維修及安裝業,34961,33040,8414,177.3
100,服務業部門,3828886,38378,8555,174.4
100,製造業,2593287,33724,9592,185.1
100,批發及零售業,1530130,35758,6804,174.0
100,運輸及倉儲業,264487,40193,9993,179.4
100,住宿及餐飲業,322845,25663,4052,169.0
100,資訊及通訊傳播業,180625,50842,15449,168.0
100,金融及保險業,362432,55024,21927,165.9
100,不動產業,103225,34523,7435,179.4
100,專業、科學及技術服務業,231738,45774,9548,173.0
100,支援服務業,322849,29420,3589,192.7
100,教育服務業,72488,21223,1193,135.1
100,醫療保健服務業,296816,50100,9800,173.9
100,藝術、娛樂及休閒服務業,56701,30388,2848,182.0
100,其他服務業,84550,28251,4275,196.8
100,食品製造業,101943,30916,5372,185.4
100,飲料及菸草製造業,14402,42527,15245,176.0
100,紡織業,106568,30258,5877,194.9
100,成衣及服飾品製造業,44693,27375,4587,177.4
100,皮革、毛皮及其製品製造業,29181,30701,5589,180.1
100,木竹製品製造業,16212,27154,4841,184.8
100,紙漿、紙及紙製品製造業,49368,29384,7755,191.2
100,印刷及資料儲存媒體複製業,61594,29464,6901,197.5
100,石油及煤製品製造業,11556,61401,32225,188.4
100,化學材料製造業,59119,46695,20646,182.5
100,化學製品製造業,48154,40291,9110,174.4
100,藥品及醫用化學製品製造業,24130,33089,10431,175.0
100,橡膠製品製造業,34157,29511,6731,193.4
100,塑膠製品製造業,133486,30320,6793,186.2
100,非金屬礦物製品製造業,71863,30785,6958,191.4
100,基本金屬製造業,101792,38153,20983,191.3
100,金屬製品製造業,306285,29083,5733,188.9
100,電子零組件製造業,563401,37019,12652,183.3
100,電腦、電子產品及光學製品製造業,214739,40186,10262,178.6
100,電力設備製造業,123233,29722,6686,180.7
100,機械設備製造業,199867,30168,9089,188.3
100,汽車及其零件製造業,77911,33973,11764,184.7
100,其他運輸工具及其零件製造業,63133,36034,9748,186.4
100,家具製造業,24780,27692,3363,180.7
100,其他製造業,73461,31219,6571,177.6
100,產業用機械設備維修及安裝業,38259,33874,8980,177.3
101,服務業部門,3919456,38840,8010,174.7
101,製造業,2619490,34235,9454,183.9
101,批發及零售業,1571791,35941,5881,173.3
101,運輸及倉儲業,267178,40345,9851,181.2
101,住宿及餐飲業,345950,26604,3503,171.2
101,資訊及通訊傳播業,183935,51987,15021,168.6
101,金融及保險業,364344,55419,22570,167.5
101,不動產業,105686,34731,4857,180.6
101,專業、科學及技術服務業,237999,47070,9409,173.7
101,支援服務業,325308,30211,3424,192.7
101,教育服務業,72486,21542,1227,132.4
101,醫療保健服務業,304847,51010,9253,174.7
101,藝術、娛樂及休閒服務業,56574,31732,3726,183.1
101,其他服務業,83358,28743,3985,196.6
101,食品製造業,106667,31469,6249,184.4
101,飲料及菸草製造業,14436,42937,14228,178.6
101,紡織業,106053,30669,5163,193.7
101,成衣及服飾品製造業,43818,28016,5482,177.8
101,皮革、毛皮及其製品製造業,28199,31145,5840,181.1
101,木竹製品製造業,16470,27732,4646,188.1
101,紙漿、紙及紙製品製造業,51083,29492,5943,190.6
101,印刷及資料儲存媒體複製業,63397,29444,5886,191.2
101,石油及煤製品製造業,11835,61575,26943,188.4
101,化學材料製造業,61042,47546,18566,182.3
101,化學製品製造業,47927,41522,13095,175.2
101,藥品及醫用化學製品製造業,25240,34052,11303,176.3
101,橡膠製品製造業,34612,30138,7525,192.9
101,塑膠製品製造業,133729,31347,6746,182.2
101,非金屬礦物製品製造業,72051,30634,7358,189.1
101,基本金屬製造業,104548,38037,15282,189.0
101,金屬製品製造業,309219,29287,6048,186.0
101,電子零組件製造業,562758,37812,12724,183.8
101,電腦、電子產品及光學製品製造業,216737,41002,10321,177.5
101,電力設備製造業,121804,30512,7710,179.2
101,機械設備製造業,204206,30222,9105,184.4
101,汽車及其零件製造業,80208,34312,13311,184.6
101,其他運輸工具及其零件製造業,65024,36213,9823,185.8
101,家具製造業,24834,28109,4201,183.8
101,其他製造業,74669,31710,5672,178.6
101,產業用機械設備維修及安裝業,38924,34245,5917,177.4
102,服務業部門,3985723,39170,7751,172.7
102,製造業,2635487,34598,9231,183.9
102,批發及零售業,1591192,36009,6265,171.5
102,運輸及倉儲業,272473,40513,9295,179.1
102,住宿及餐飲業,359314,27450,3054,169.9
102,資訊及通訊傳播業,187145,52728,12817,166.4
102,金融及保險業,365693,56346,21525,164.6
102,不動產業,110418,34751,5547,179.6
102,專業、科學及技術服務業,243169,47764,7743,172.0
102,支援服務業,327123,30581,3269,188.4
102,教育服務業,71956,21814,1108,131.9
102,醫療保健服務業,316339,50909,9001,173.1
102,藝術、娛樂及休閒服務業,56142,32967,3105,180.7
102,其他服務業,84759,29090,4223,195.6
102,食品製造業,108580,31818,6430,185.2
102,飲料及菸草製造業,14832,42513,13131,176.7
102,紡織業,104682,31176,5043,191.9
102,成衣及服飾品製造業,42658,27843,3527,176.1
102,皮革、毛皮及其製品製造業,27883,31457,5316,179.9
102,木竹製品製造業,17900,28493,5317,190.6
102,紙漿、紙及紙製品製造業,51025,29521,6122,191.6
102,印刷及資料儲存媒體複製業,63174,29763,7792,193.6
102,石油及煤製品製造業,11827,61323,24319,181.2
102,化學材料製造業,61725,47887,14679,180.4
102,化學製品製造業,48731,42627,9116,174.1
102,藥品及醫用化學製品製造業,26140,34375,8731,174.9
102,橡膠製品製造業,35626,30506,7531,190.7
102,塑膠製品製造業,135255,31603,6024,180.4
102,非金屬礦物製品製造業,72014,30831,7669,191.8
102,基本金屬製造業,105501,38345,15314,186.1
102,金屬製品製造業,312140,29634,6200,187.7
102,電子零組件製造業,565767,38523,13151,184.6
102,電腦、電子產品及光學製品製造業,212942,41438,10445,174.8
102,電力設備製造業,122992,30681,6968,181.1
102,機械設備製造業,207543,30273,8510,183.9
102,汽車及其零件製造業,81959,34850,12434,184.3
102,其他運輸工具及其零件製造業,67022,35938,8879,186.9
102,家具製造業,24994,27840,4548,183.0
102,其他製造業,73812,31995,4948,177.9
102,產業用機械設備維修及安裝業,38763,34579,7123,176.1
103,服務業部門,4068167,40003,8812,173.4
103,製造業,2686693,35095,10112,184.8
103,批發及零售業,1617678,36662,7760,172.9
103,運輸及倉儲業,277176,40390,9638,179.5
103,住宿及餐飲業,374362,28549,3198,169.2
103,資訊及通訊傳播業,190475,52665,13651,166.1
103,金融及保險業,368904,59846,23246,165.6
103,不動產業,116738,35538,7376,179.9
103,專業、科學及技術服務業,248477,48268,9146,173.8
103,支援服務業,336437,31271,3638,189.1
103,教育服務業,72087,22803,1421,134.4
103,醫療保健服務業,325692,51671,9629,172.6
103,藝術、娛樂及休閒服務業,54986,33209,2620,178.7
103,其他服務業,85155,29073,6013,193.1
103,食品製造業,110204,32179,5682,183.3
103,飲料及菸草製造業,15305,42810,12006,178.3
103,紡織業,104391,31800,5943,191.9
103,成衣及服飾品製造業,42391,27986,3586,173.9
103,皮革、毛皮及其製品製造業,27526,31966,7384,185.2
103,木竹製品製造業,18075,29651,3778,192.4
103,紙漿、紙及紙製品製造業,51354,30434,5750,190.5
103,印刷及資料儲存媒體複製業,62197,30852,4766,188.9
103,石油及煤製品製造業,11879,60429,22291,180.5
103,化學材料製造業,61681,48345,16829,181.7
103,化學製品製造業,48963,42958,8756,175.5
103,藥品及醫用化學製品製造業,27697,34843,8430,176.0
103,橡膠製品製造業,37131,31285,9202,194.6
103,塑膠製品製造業,135788,32286,6503,182.0
103,非金屬礦物製品製造業,71399,31221,7152,187.6
103,基本金屬製造業,108291,38850,15467,187.7
103,金屬製品製造業,323199,29731,5534,185.4
103,電子零組件製造業,583687,39316,16520,187.6
103,電腦、電子產品及光學製品製造業,214109,42458,12193,178.4
103,電力設備製造業,126720,30545,8509,183.3
103,機械設備製造業,214187,30358,7908,184.7
103,汽車及其零件製造業,83009,35142,12930,184.3
103,其他運輸工具及其零件製造業,67774,36455,9726,187.7
103,家具製造業,24839,27608,4913,184.3
103,其他製造業,75100,32408,5485,178.7
103,產業用機械設備維修及安裝業,39797,35330,6719,175.9
104,服務業部門,4146719,40604,9257,171.4
104,製造業,2716503,35581,11200,181.8
104,批發及零售業,1640893,37404,8084,170.9
104,運輸及倉儲業,283817,40849,10370,178.0
104,住宿及餐飲業,389740,28924,3672,167.3
104,資訊及通訊傳播業,195661,53266,13187,165.2
104,金融及保險業,375134,59503,25193,162.3
104,不動產業,117148,35551,6800,177.2
104,專業、科學及技術服務業,253059,49584,8668,170.5
104,支援服務業,341552,31967,3704,186.5
104,教育服務業,73273,22931,1371,132.8
104,醫療保健服務業,334521,52824,11279,172.2
104,藝術、娛樂及休閒服務業,55540,33711,2474,177.7
104,其他服務業,86381,29333,5193,189.5
104,食品製造業,111741,32300,5958,182.0
104,飲料及菸草製造業,15701,42806,12994,177.2
104,紡織業,104104,31846,6392,191.7
104,成衣及服飾品製造業,41911,28509,3826,172.3
104,皮革、毛皮及其製品製造業,27301,32568,8216,183.2
104,木竹製品製造業,18376,29659,5500,188.9
104,紙漿、紙及紙製品製造業,50788,30891,5569,187.7
104,印刷及資料儲存媒體複製業,62805,31011,5887,184.9
104,石油及煤製品製造業,11542,59813,26833,179.1
104,化學材料製造業,61645,48658,17591,180.1
104,化學製品製造業,47840,43634,10418,174.8
104,藥品及醫用化學製品製造業,28121,35675,10204,172.7
104,橡膠製品製造業,37049,31597,9583,189.9
104,塑膠製品製造業,134477,32547,6374,178.4
104,非金屬礦物製品製造業,71704,31280,6756,185.9
104,基本金屬製造業,110311,39428,15494,184.7
104,金屬製品製造業,329899,30017,5659,182.9
104,電子零組件製造業,594696,40270,19723,183.5
104,電腦、電子產品及光學製品製造業,212748,43490,13066,176.3
104,電力設備製造業,128324,30760,8915,179.3
104,機械設備製造業,220064,30686,8455,180.7
104,汽車及其零件製造業,82980,35238,13245,180.7
104,其他運輸工具及其零件製造業,69699,36990,10054,184.5
104,家具製造業,25208,27428,4903,181.4
104,其他製造業,77684,32637,7237,177.5
104,產業用機械設備維修及安裝業,39785,36693,7548,175.8
105,服務業部門,4203630,41205,8941,166.2
105,製造業,2722979,36120,11138,175.1
105,批發及零售業,1656678,38193,7236,164.5
105,運輸及倉儲業,288003,41301,10831,172.4
105,住宿及餐飲業,403350,29158,3464,163.5
105,資訊及通訊傳播業,199699,54148,13561,161.2
105,金融及保險業,377479,60322,25095,162.8
105,不動產業,115802,35106,6233,168.6
105,專業、科學及技術服務業,257920,50279,8429,165.5
105,支援服務業,344512,32231,3792,181.6
105,教育服務業,73560,23342,1531,132.7
105,醫療保健服務業,342756,53430,11809,166.2
105,藝術、娛樂及休閒服務業,56810,34249,2558,169.6
105,其他服務業,87061,29653,4492,182.9
105,食品製造業,115459,32469,6435,175.7
105,飲料及菸草製造業,16079,42476,14666,172.3
105,紡織業,104575,32093,6173,181.3
105,成衣及服飾品製造業,41218,29029,4012,165.6
105,皮革、毛皮及其製品製造業,27308,33112,9267,172.8
105,木竹製品製造業,18423,29854,6730,179.9
105,紙漿、紙及紙製品製造業,51275,31182,6351,176.9
105,印刷及資料儲存媒體複製業,62950,30917,6510,174.3
105,石油及煤製品製造業,11310,59624,24527,177.1
105,化學材料製造業,61403,49491,20063,175.3
105,化學製品製造業,48104,44399,9382,169.3
105,藥品及醫用化學製品製造業,28784,36601,10691,169.8
105,橡膠製品製造業,37829,31766,8753,182.1
105,塑膠製品製造業,136280,32760,7164,171.7
105,非金屬礦物製品製造業,71898,31496,7565,176.3
105,基本金屬製造業,111237,39727,13789,179.9
105,金屬製品製造業,330194,30460,5580,173.9
105,電子零組件製造業,589520,41359,20274,178.4
105,電腦、電子產品及光學製品製造業,208001,44121,10963,170.1
105,電力設備製造業,129776,31222,7713,172.2
105,機械設備製造業,221413,31392,8585,173.9
105,汽車及其零件製造業,82320,35650,12342,174.9
105,其他運輸工具及其零件製造業,70785,37651,10220,177.3
105,家具製造業,25067,27395,5324,171.6
105,其他製造業,79796,33082,6971,172.1
105,產業用機械設備維修及安裝業,41975,37448,8734,170.7